{
    "surveyRules": [
        {
            "eventName": "vs/willow/install-product",
            "surveyUrl": "https://go.microsoft.com/fwlink/?linkid=847152",
            "properties": {
                "accept": {
                    "VS.Willow.operationName": "install",
                    "VS.Willow.errorCode": "OperationCanceledError"
                }
            }
        },
        {
            "eventName": "vs/willow/install-product",
            "surveyUrl": "https://go.microsoft.com/fwlink/?linkid=847152",
            "properties": {
                "accept": {
                    "VS.Willow.operationName": "modify",
                    "VS.Willow.errorCode": "OperationCanceledError"
                }
            }
        },
        {
            "eventName": "vs/willow/install-product",
            "surveyUrl": "https://go.microsoft.com/fwlink/?linkid=847152",
            "properties": {
                "accept": {
                    "VS.Willow.operationName": "update",
                    "VS.Willow.errorCode": "OperationCanceledError"
                }
            }
        },
        {
            "eventName": "vs/willow/install-product",
            "surveyUrl": "https://go.microsoft.com/fwlink/?linkid=847152",
            "properties": {
                "accept": {
                    "VS.Willow.operationName": "repair",
                    "VS.Willow.errorCode": "OperationCanceledError"
                }
            }
        },
        {
            "eventName": "vs/willow/install-product",
            "surveyUrl": "https://go.microsoft.com/fwlink/?linkid=847152",
            "properties": {
                "accept": {
                    "VS.Willow.operationName": "uninstall",
                    "VS.Willow.errorCode": "OperationCanceledError"
                }
            }
        },
        {
            "eventName": "vs/willow/install-product",
            "surveyUrl": "https://go.microsoft.com/fwlink/?linkid=847150",
            "properties": {
                "accept": {
                    "VS.Willow.operationName": "install",
                    "Reserved.DataModel.Action.Result": 2
                },
                "reject": {
                    "VS.Willow.errorCode": "OperationCanceledError"
                }
            }
        },
        {
            "eventName": "vs/willow/install-product",
            "surveyUrl": "https://go.microsoft.com/fwlink/?linkid=847150",
            "properties": {
                "accept": {
                    "VS.Willow.operationName": "modify",
                    "Reserved.DataModel.Action.Result": 2
                },
                "reject": {
                    "VS.Willow.errorCode": "OperationCanceledError"
                }
            }
        },
        {
            "eventName": "vs/willow/install-product",
            "surveyUrl": "https://go.microsoft.com/fwlink/?linkid=847150",
            "properties": {
                "accept": {
                    "VS.Willow.operationName": "update",
                    "Reserved.DataModel.Action.Result": 2
                },
                "reject": {
                    "VS.Willow.errorCode": "OperationCanceledError"
                }
            }
        },
        {
            "eventName": "vs/willow/install-product",
            "surveyUrl": "https://go.microsoft.com/fwlink/?linkid=847150",
            "properties": {
                "accept": {
                    "VS.Willow.operationName": "repair",
                    "Reserved.DataModel.Action.Result": 2
                },
                "reject": {
                    "VS.Willow.errorCode": "OperationCanceledError"
                }
            }
        },
        {
            "eventName": "vs/willow/install-product",
            "surveyUrl": "https://go.microsoft.com/fwlink/?linkid=847150",
            "properties": {
                "accept": {
                    "VS.Willow.operationName": "uninstall",
                    "Reserved.DataModel.Action.Result": 2
                },
                "reject": {
                    "VS.Willow.errorCode": "OperationCanceledError"
                }
            }
        }
    ],
    "surveySettings": {
        "version": "1.0.0"
    }
}